400758,702920876,SET_METER_PASSWORD,ACCEPTED,1670057507309
400565,310032745,SET_METER_PASSWORD,ACCEPTED,1670057707016
400424,942226566,SET_METER_PASSWORD,ACCEPTED,1670057813922
400785,669357877,SET_METER_PASSWORD,ACCEPTED,1670057946388
400623,240064967,SET_METER_PASSWORD,ACCEPTED,1670057993290
400583,740018660,SET_METER_PASSWORD,ACCEPTED,1670058041567
400555,440031202,SET_METER_PASSWORD,ACCEPTED,1670058228200
400113,1670053254,P_READ_INSTANT,EXECUTED,1670053434231
400098,1670053453,P_READ_LOAD,ACCEPTED,1670053466902
400098,1670053453,P_READ_LOAD,EXECUTED,1670053661452
400098,100000903,CONNECT_DISCONNECT,ACCEPTED,1670055192220
400098,100000903,CONNECT_DISCONNECT,EXECUTED,1670055199850
400098,100000905,GET_CONNECT_STATE,ACCEPTED,1670055438156
400098,100000905,GET_CONNECT_STATE,EXECUTED,1670055441956
400098,100000907,CONNECT_DISCONNECT,ACCEPTED,1670055593919
400098,100000907,CONNECT_DISCONNECT,EXECUTED,1670055602231
400764,864906574,SET_METER_PASSWORD,ACCEPTED,1670057664621
400618,61924343,SET_METER_PASSWORD,ACCEPTED,1670057699124
400906,747965593,SET_METER_PASSWORD,ACCEPTED,1670057759961
400706,314922267,SET_METER_PASSWORD,ACCEPTED,1670057896352
400582,170983378,SET_METER_PASSWORD,ACCEPTED,1670058011348
400957,278557418,SET_METER_PASSWORD,ACCEPTED,1670058018453
400657,926775802,SET_METER_PASSWORD,ACCEPTED,1670058069488
400534,825837743,SET_METER_PASSWORD,ACCEPTED,1670058071838
400675,249483808,SET_METER_PASSWORD,ACCEPTED,1670058209567
400531,531013245,SET_METER_PASSWORD,ACCEPTED,1670058268058
400418,539210107,SET_METER_PASSWORD,ACCEPTED,1670058552135
400536,843947966,SET_METER_PASSWORD,ACCEPTED,1670057792686
400513,25036127,SET_METER_PASSWORD,ACCEPTED,1670058065720
400490,332237266,SET_METER_PASSWORD,ACCEPTED,1670058326718
400416,608600920,SET_METER_PASSWORD,ACCEPTED,1670058518250
400438,901316284,SET_METER_PASSWORD,ACCEPTED,1670058692391
400002,1670059016,P_READ_LOAD,ACCEPTED,1670059140306
400002,1670059016,P_READ_LOAD,EXECUTED,1670059366450
400003,1670059016,P_READ_LOAD,ACCEPTED,1670059368577
400003,1670059016,P_READ_LOAD,EXECUTED,1670059429211
400926,493038983,SET_METER_PASSWORD,ACCEPTED,1670059439866
400005,1670059016,P_READ_LOAD,ACCEPTED,1670059501644
400006,1670059016,P_READ_LOAD,ACCEPTED,1670059645938
400005,1670059016,P_READ_LOAD,EXECUTED,1670059705003
400006,1670059016,P_READ_LOAD,EXECUTED,1670059747943
400009,1670059016,P_READ_LOAD,ACCEPTED,1670059984848
400010,1670059016,P_READ_LOAD,ACCEPTED,1670060106730
400009,1670059016,P_READ_LOAD,EXECUTED,1670060140044
400010,1670059016,P_READ_LOAD,EXECUTED,1670060254624
400953,409614141,SET_METER_PASSWORD,ACCEPTED,1670060399718
400013,1670059016,P_READ_LOAD,ACCEPTED,1670060463180
400015,1670059016,P_READ_LOAD,ACCEPTED,1670060759080
400015,1670059016,P_READ_LOAD,FAILED_NO_REPLY,1670060784658
400017,1670059016,P_READ_LOAD,ACCEPTED,1670060945600
400017,1670059016,P_READ_LOAD,FAILED_NO_REPLY,1670060973109
400121,1670061147,P_READ_LOAD,ACCEPTED,1670061161255
400121,1670061147,P_READ_LOAD,FAILED_NO_REPLY,1670061161496
400189,1670061147,P_READ_LOAD,ACCEPTED,1670061167779
400017,1670061147,P_READ_LOAD,ACCEPTED,1670061167345
400136,1670061147,P_READ_LOAD,ACCEPTED,1670061172139
400017,1670061147,P_READ_LOAD,FAILED_NO_REPLY,1670061186919
400189,1670061147,P_READ_LOAD,FAILED_NO_REPLY,1670061192706
400136,1670061147,P_READ_LOAD,FAILED_NO_REPLY,1670061197166
400072,1670061147,P_READ_LOAD,ACCEPTED,1670061198959
400072,1670061147,P_READ_LOAD,FAILED_NO_REPLY,1670061198962
400183,1670061147,P_READ_LOAD,ACCEPTED,1670061198967
400183,1670061147,P_READ_LOAD,FAILED_NO_REPLY,1670061209761
400025,1670061147,P_READ_LOAD,FAILED_NO_REPLY,1670061225052
400015,1670061147,P_READ_LOAD,ACCEPTED,1670061235251
400016,1670061147,P_READ_LOAD,FAILED_NO_REPLY,1670061234271
400015,1670061147,P_READ_LOAD,FAILED_NO_REPLY,1670061238350
400092,1670061147,P_READ_LOAD,FAILED_NO_REPLY,1670061239016
400099,1670061147,P_READ_LOAD,FAILED_NO_REPLY,1670061241176
400001,1670061147,P_READ_LOAD,FAILED_NO_REPLY,1670061247926
